node_id,connected_node_id
1,2
1,26
1,27
2,3
2,1
2,27
2,28
2,26
3,4
3,2
3,28
3,29
3,27
4,5
4,3
4,29
4,30
4,28
5,6
5,4
5,30
5,31
5,29
6,7
6,5
6,31
6,32
6,30
7,8
7,6
7,32
7,33
7,31
8,9
8,7
8,33
8,34
8,32
9,10
9,8
9,34
9,35
9,33
10,11
10,9
10,35
10,36
10,34
11,12
11,10
11,36
11,37
11,35
12,13
12,11
12,37
12,38
12,36
13,14
13,12
13,38
13,39
13,37
14,15
14,13
14,39
14,40
14,38
15,16
15,14
15,40
15,41
15,39
16,17
16,15
16,41
16,42
16,40
17,18
17,16
17,42
17,43
17,41
18,19
18,17
18,43
18,44
18,42
19,20
19,18
19,44
19,45
19,43
20,21
20,19
20,45
20,46
20,44
21,22
21,20
21,46
21,47
21,45
22,23
22,21
22,47
22,48
22,46
23,24
23,22
23,48
23,49
23,47
24,25
24,23
24,49
24,50
24,48
25,24
25,50
25,49
26,27
26,51
26,1
26,52
26,2
27,28
27,26
27,52
27,2
27,53
27,51
27,3
27,1
28,29
28,27
28,53
28,3
28,54
28,52
28,4
28,2
29,30
29,28
29,54
29,4
29,55
29,53
29,5
29,3
30,31
30,29
30,55
30,5
30,56
30,54
30,6
30,4
31,32
31,30
31,56
31,6
31,57
31,55
31,7
31,5
32,33
32,31
32,57
32,7
32,58
32,56
32,8
32,6
33,34
33,32
33,58
33,8
33,59
33,57
33,9
33,7
34,35
34,33
34,59
34,9
34,60
34,58
34,10
34,8
35,36
35,34
35,60
35,10
35,61
35,59
35,11
35,9
36,37
36,35
36,61
36,11
36,62
36,60
36,12
36,10
37,38
37,36
37,62
37,12
37,63
37,61
37,13
37,11
38,39
38,37
38,63
38,13
38,64
38,62
38,14
38,12
39,40
39,38
39,64
39,14
39,65
39,63
39,15
39,13
40,41
40,39
40,65
40,15
40,66
40,64
40,16
40,14
41,42
41,40
41,66
41,16
41,67
41,65
41,17
41,15
42,43
42,41
42,67
42,17
42,68
42,66
42,18
42,16
43,44
43,42
43,68
43,18
43,69
43,67
43,19
43,17
44,45
44,43
44,69
44,19
44,70
44,68
44,20
44,18
45,46
45,44
45,70
45,20
45,71
45,69
45,21
45,19
46,47
46,45
46,71
46,21
46,72
46,70
46,22
46,20
47,48
47,46
47,72
47,22
47,73
47,71
47,23
47,21
48,49
48,47
48,73
48,23
48,74
48,72
48,24
48,22
49,50
49,48
49,74
49,24
49,75
49,73
49,25
49,23
50,49
50,75
50,25
50,74
50,24
51,52
51,76
51,26
51,77
51,27
52,53
52,51
52,77
52,27
52,78
52,76
52,28
52,26
53,54
53,52
53,78
53,28
53,79
53,77
53,29
53,27
54,55
54,53
54,79
54,29
54,80
54,78
54,30
54,28
55,56
55,54
55,80
55,30
55,81
55,79
55,31
55,29
56,57
56,55
56,81
56,31
56,82
56,80
56,32
56,30
57,58
57,56
57,82
57,32
57,83
57,81
57,33
57,31
58,59
58,57
58,83
58,33
58,84
58,82
58,34
58,32
59,60
59,58
59,84
59,34
59,85
59,83
59,35
59,33
60,61
60,59
60,85
60,35
60,86
60,84
60,36
60,34
61,62
61,60
61,86
61,36
61,87
61,85
61,37
61,35
62,63
62,61
62,87
62,37
62,88
62,86
62,38
62,36
63,64
63,62
63,88
63,38
63,89
63,87
63,39
63,37
64,65
64,63
64,89
64,39
64,90
64,88
64,40
64,38
65,66
65,64
65,90
65,40
65,91
65,89
65,41
65,39
66,67
66,65
66,91
66,41
66,92
66,90
66,42
66,40
67,68
67,66
67,92
67,42
67,93
67,91
67,43
67,41
68,69
68,67
68,93
68,43
68,94
68,92
68,44
68,42
69,70
69,68
69,94
69,44
69,95
69,93
69,45
69,43
70,71
70,69
70,95
70,45
70,96
70,94
70,46
70,44
71,72
71,70
71,96
71,46
71,97
71,95
71,47
71,45
72,73
72,71
72,97
72,47
72,98
72,96
72,48
72,46
73,74
73,72
73,98
73,48
73,99
73,97
73,49
73,47
74,75
74,73
74,99
74,49
74,100
74,98
74,50
74,48
75,74
75,100
75,50
75,99
75,49
76,77
76,101
76,51
76,102
76,52
77,78
77,76
77,102
77,52
77,103
77,101
77,53
77,51
78,79
78,77
78,103
78,53
78,104
78,102
78,54
78,52
79,80
79,78
79,104
79,54
79,105
79,103
79,55
79,53
80,81
80,79
80,105
80,55
80,106
80,104
80,56
80,54
81,82
81,80
81,106
81,56
81,107
81,105
81,57
81,55
82,83
82,81
82,107
82,57
82,108
82,106
82,58
82,56
83,84
83,82
83,108
83,58
83,109
83,107
83,59
83,57
84,85
84,83
84,109
84,59
84,110
84,108
84,60
84,58
85,86
85,84
85,110
85,60
85,111
85,109
85,61
85,59
86,87
86,85
86,111
86,61
86,112
86,110
86,62
86,60
87,88
87,86
87,112
87,62
87,113
87,111
87,63
87,61
88,89
88,87
88,113
88,63
88,114
88,112
88,64
88,62
89,90
89,88
89,114
89,64
89,115
89,113
89,65
89,63
90,91
90,89
90,115
90,65
90,116
90,114
90,66
90,64
91,92
91,90
91,116
91,66
91,117
91,115
91,67
91,65
92,93
92,91
92,117
92,67
92,118
92,116
92,68
92,66
93,94
93,92
93,118
93,68
93,119
93,117
93,69
93,67
94,95
94,93
94,119
94,69
94,120
94,118
94,70
94,68
95,96
95,94
95,120
95,70
95,121
95,119
95,71
95,69
96,97
96,95
96,121
96,71
96,122
96,120
96,72
96,70
97,98
97,96
97,122
97,72
97,123
97,121
97,73
97,71
98,99
98,97
98,123
98,73
98,124
98,122
98,74
98,72
99,100
99,98
99,124
99,74
99,125
99,123
99,75
99,73
100,99
100,125
100,75
100,124
100,74
101,102
101,126
101,76
101,127
101,77
102,103
102,101
102,127
102,77
102,128
102,126
102,78
102,76
103,104
103,102
103,128
103,78
103,129
103,127
103,79
103,77
104,105
104,103
104,129
104,79
104,130
104,128
104,80
104,78
105,106
105,104
105,130
105,80
105,131
105,129
105,81
105,79
106,107
106,105
106,131
106,81
106,132
106,130
106,82
106,80
107,108
107,106
107,132
107,82
107,133
107,131
107,83
107,81
108,109
108,107
108,133
108,83
108,134
108,132
108,84
108,82
109,110
109,108
109,134
109,84
109,135
109,133
109,85
109,83
110,111
110,109
110,135
110,85
110,136
110,134
110,86
110,84
111,112
111,110
111,136
111,86
111,137
111,135
111,87
111,85
112,113
112,111
112,137
112,87
112,138
112,136
112,88
112,86
113,114
113,112
113,138
113,88
113,139
113,137
113,89
113,87
114,115
114,113
114,139
114,89
114,140
114,138
114,90
114,88
115,116
115,114
115,140
115,90
115,141
115,139
115,91
115,89
116,117
116,115
116,141
116,91
116,142
116,140
116,92
116,90
117,118
117,116
117,142
117,92
117,143
117,141
117,93
117,91
118,119
118,117
118,143
118,93
118,144
118,142
118,94
118,92
119,120
119,118
119,144
119,94
119,145
119,143
119,95
119,93
120,121
120,119
120,145
120,95
120,146
120,144
120,96
120,94
121,122
121,120
121,146
121,96
121,147
121,145
121,97
121,95
122,123
122,121
122,147
122,97
122,148
122,146
122,98
122,96
123,124
123,122
123,148
123,98
123,149
123,147
123,99
123,97
124,125
124,123
124,149
124,99
124,150
124,148
124,100
124,98
125,124
125,150
125,100
125,149
125,99
126,127
126,151
126,101
126,152
126,102
127,128
127,126
127,152
127,102
127,153
127,151
127,103
127,101
128,129
128,127
128,153
128,103
128,154
128,152
128,104
128,102
129,130
129,128
129,154
129,104
129,155
129,153
129,105
129,103
130,131
130,129
130,155
130,105
130,156
130,154
130,106
130,104
131,132
131,130
131,156
131,106
131,157
131,155
131,107
131,105
132,133
132,131
132,157
132,107
132,158
132,156
132,108
132,106
133,134
133,132
133,158
133,108
133,159
133,157
133,109
133,107
134,135
134,133
134,159
134,109
134,160
134,158
134,110
134,108
135,136
135,134
135,160
135,110
135,161
135,159
135,111
135,109
136,137
136,135
136,161
136,111
136,162
136,160
136,112
136,110
137,138
137,136
137,162
137,112
137,163
137,161
137,113
137,111
138,139
138,137
138,163
138,113
138,164
138,162
138,114
138,112
139,140
139,138
139,164
139,114
139,165
139,163
139,115
139,113
140,141
140,139
140,165
140,115
140,166
140,164
140,116
140,114
141,142
141,140
141,166
141,116
141,167
141,165
141,117
141,115
142,143
142,141
142,167
142,117
142,168
142,166
142,118
142,116
143,144
143,142
143,168
143,118
143,169
143,167
143,119
143,117
144,145
144,143
144,169
144,119
144,170
144,168
144,120
144,118
145,146
145,144
145,170
145,120
145,171
145,169
145,121
145,119
146,147
146,145
146,171
146,121
146,172
146,170
146,122
146,120
147,148
147,146
147,172
147,122
147,173
147,171
147,123
147,121
148,149
148,147
148,173
148,123
148,174
148,172
148,124
148,122
149,150
149,148
149,174
149,124
149,175
149,173
149,125
149,123
150,149
150,175
150,125
150,174
150,124
151,152
151,176
151,126
151,177
151,127
152,153
152,151
152,177
152,127
152,178
152,176
152,128
152,126
153,154
153,152
153,178
153,128
153,179
153,177
153,129
153,127
154,155
154,153
154,179
154,129
154,180
154,178
154,130
154,128
155,156
155,154
155,180
155,130
155,181
155,179
155,131
155,129
156,157
156,155
156,181
156,131
156,182
156,180
156,132
156,130
157,158
157,156
157,182
157,132
157,183
157,181
157,133
157,131
158,159
158,157
158,183
158,133
158,184
158,182
158,134
158,132
159,160
159,158
159,184
159,134
159,185
159,183
159,135
159,133
160,161
160,159
160,185
160,135
160,186
160,184
160,136
160,134
161,162
161,160
161,186
161,136
161,187
161,185
161,137
161,135
162,163
162,161
162,187
162,137
162,188
162,186
162,138
162,136
163,164
163,162
163,188
163,138
163,189
163,187
163,139
163,137
164,165
164,163
164,189
164,139
164,190
164,188
164,140
164,138
165,166
165,164
165,190
165,140
165,191
165,189
165,141
165,139
166,167
166,165
166,191
166,141
166,192
166,190
166,142
166,140
167,168
167,166
167,192
167,142
167,193
167,191
167,143
167,141
168,169
168,167
168,193
168,143
168,194
168,192
168,144
168,142
169,170
169,168
169,194
169,144
169,195
169,193
169,145
169,143
170,171
170,169
170,195
170,145
170,196
170,194
170,146
170,144
171,172
171,170
171,196
171,146
171,197
171,195
171,147
171,145
172,173
172,171
172,197
172,147
172,198
172,196
172,148
172,146
173,174
173,172
173,198
173,148
173,199
173,197
173,149
173,147
174,175
174,173
174,199
174,149
174,200
174,198
174,150
174,148
175,174
175,200
175,150
175,199
175,149
176,177
176,201
176,151
176,202
176,152
177,178
177,176
177,202
177,152
177,203
177,201
177,153
177,151
178,179
178,177
178,203
178,153
178,204
178,202
178,154
178,152
179,180
179,178
179,204
179,154
179,205
179,203
179,155
179,153
180,181
180,179
180,205
180,155
180,206
180,204
180,156
180,154
181,182
181,180
181,206
181,156
181,207
181,205
181,157
181,155
182,183
182,181
182,207
182,157
182,208
182,206
182,158
182,156
183,184
183,182
183,208
183,158
183,209
183,207
183,159
183,157
184,185
184,183
184,209
184,159
184,210
184,208
184,160
184,158
185,186
185,184
185,210
185,160
185,211
185,209
185,161
185,159
186,187
186,185
186,211
186,161
186,212
186,210
186,162
186,160
187,188
187,186
187,212
187,162
187,213
187,211
187,163
187,161
188,189
188,187
188,213
188,163
188,214
188,212
188,164
188,162
189,190
189,188
189,214
189,164
189,215
189,213
189,165
189,163
190,191
190,189
190,215
190,165
190,216
190,214
190,166
190,164
191,192
191,190
191,216
191,166
191,217
191,215
191,167
191,165
192,193
192,191
192,217
192,167
192,218
192,216
192,168
192,166
193,194
193,192
193,218
193,168
193,219
193,217
193,169
193,167
194,195
194,193
194,219
194,169
194,220
194,218
194,170
194,168
195,196
195,194
195,220
195,170
195,221
195,219
195,171
195,169
196,197
196,195
196,221
196,171
196,222
196,220
196,172
196,170
197,198
197,196
197,222
197,172
197,223
197,221
197,173
197,171
198,199
198,197
198,223
198,173
198,224
198,222
198,174
198,172
199,200
199,198
199,224
199,174
199,225
199,223
199,175
199,173
200,199
200,225
200,175
200,224
200,174
201,202
201,226
201,227
202,203
202,201
202,227
202,228
202,226
203,204
203,202
203,228
203,229
203,227
204,205
204,203
204,229
204,230
204,228
205,206
205,204
205,230
205,231
205,229
206,207
206,205
206,231
206,232
206,230
207,208
207,206
207,232
207,233
207,231
208,209
208,207
208,233
208,234
208,232
209,210
209,208
209,234
209,235
209,233
210,211
210,209
210,235
210,236
210,234
211,212
211,210
211,236
211,237
211,235
212,213
212,211
212,237
212,238
212,236
213,214
213,212
213,238
213,239
213,237
214,215
214,213
214,239
214,240
214,238
215,216
215,214
215,240
215,241
215,239
216,217
216,215
216,241
216,242
216,240
217,218
217,216
217,242
217,243
217,241
218,219
218,217
218,243
218,244
218,242
219,220
219,218
219,244
219,245
219,243
220,221
220,219
220,245
220,246
220,244
221,222
221,220
221,246
221,247
221,245
222,223
222,221
222,247
222,248
222,246
223,224
223,222
223,248
223,249
223,247
224,225
224,223
224,249
224,250
224,248
225,224
225,250
225,249
226,227
226,251
226,201
226,252
226,202
227,228
227,226
227,252
227,202
227,253
227,251
227,203
227,201
228,229
228,227
228,253
228,203
228,254
228,252
228,204
228,202
229,230
229,228
229,254
229,204
229,255
229,253
229,205
229,203
230,231
230,229
230,255
230,205
230,256
230,254
230,206
230,204
231,232
231,230
231,256
231,206
231,257
231,255
231,207
231,205
232,233
232,231
232,257
232,207
232,258
232,256
232,208
232,206
233,234
233,232
233,258
233,208
233,259
233,257
233,209
233,207
234,235
234,233
234,259
234,209
234,260
234,258
234,210
234,208
235,236
235,234
235,260
235,210
235,261
235,259
235,211
235,209
236,237
236,235
236,261
236,211
236,262
236,260
236,212
236,210
237,238
237,236
237,262
237,212
237,263
237,261
237,213
237,211
238,239
238,237
238,263
238,213
238,264
238,262
238,214
238,212
239,240
239,238
239,264
239,214
239,265
239,263
239,215
239,213
240,241
240,239
240,265
240,215
240,266
240,264
240,216
240,214
241,242
241,240
241,266
241,216
241,267
241,265
241,217
241,215
242,243
242,241
242,267
242,217
242,268
242,266
242,218
242,216
243,244
243,242
243,268
243,218
243,269
243,267
243,219
243,217
244,245
244,243
244,269
244,219
244,270
244,268
244,220
244,218
245,246
245,244
245,270
245,220
245,271
245,269
245,221
245,219
246,247
246,245
246,271
246,221
246,272
246,270
246,222
246,220
247,248
247,246
247,272
247,222
247,273
247,271
247,223
247,221
248,249
248,247
248,273
248,223
248,274
248,272
248,224
248,222
249,250
249,248
249,274
249,224
249,275
249,273
249,225
249,223
250,249
250,275
250,225
250,274
250,224
251,252
251,276
251,226
251,277
251,227
252,253
252,251
252,277
252,227
252,278
252,276
252,228
252,226
253,254
253,252
253,278
253,228
253,279
253,277
253,229
253,227
254,255
254,253
254,279
254,229
254,280
254,278
254,230
254,228
255,256
255,254
255,280
255,230
255,281
255,279
255,231
255,229
256,257
256,255
256,281
256,231
256,282
256,280
256,232
256,230
257,258
257,256
257,282
257,232
257,283
257,281
257,233
257,231
258,259
258,257
258,283
258,233
258,284
258,282
258,234
258,232
259,260
259,258
259,284
259,234
259,285
259,283
259,235
259,233
260,261
260,259
260,285
260,235
260,286
260,284
260,236
260,234
261,262
261,260
261,286
261,236
261,287
261,285
261,237
261,235
262,263
262,261
262,287
262,237
262,288
262,286
262,238
262,236
263,264
263,262
263,288
263,238
263,289
263,287
263,239
263,237
264,265
264,263
264,289
264,239
264,290
264,288
264,240
264,238
265,266
265,264
265,290
265,240
265,291
265,289
265,241
265,239
266,267
266,265
266,291
266,241
266,292
266,290
266,242
266,240
267,268
267,266
267,292
267,242
267,293
267,291
267,243
267,241
268,269
268,267
268,293
268,243
268,294
268,292
268,244
268,242
269,270
269,268
269,294
269,244
269,295
269,293
269,245
269,243
270,271
270,269
270,295
270,245
270,296
270,294
270,246
270,244
271,272
271,270
271,296
271,246
271,297
271,295
271,247
271,245
272,273
272,271
272,297
272,247
272,298
272,296
272,248
272,246
273,274
273,272
273,298
273,248
273,299
273,297
273,249
273,247
274,275
274,273
274,299
274,249
274,300
274,298
274,250
274,248
275,274
275,300
275,250
275,299
275,249
276,277
276,301
276,251
276,302
276,252
277,278
277,276
277,302
277,252
277,303
277,301
277,253
277,251
278,279
278,277
278,303
278,253
278,304
278,302
278,254
278,252
279,280
279,278
279,304
279,254
279,305
279,303
279,255
279,253
280,281
280,279
280,305
280,255
280,306
280,304
280,256
280,254
281,282
281,280
281,306
281,256
281,307
281,305
281,257
281,255
282,283
282,281
282,307
282,257
282,308
282,306
282,258
282,256
283,284
283,282
283,308
283,258
283,309
283,307
283,259
283,257
284,285
284,283
284,309
284,259
284,310
284,308
284,260
284,258
285,286
285,284
285,310
285,260
285,311
285,309
285,261
285,259
286,287
286,285
286,311
286,261
286,312
286,310
286,262
286,260
287,288
287,286
287,312
287,262
287,313
287,311
287,263
287,261
288,289
288,287
288,313
288,263
288,314
288,312
288,264
288,262
289,290
289,288
289,314
289,264
289,315
289,313
289,265
289,263
290,291
290,289
290,315
290,265
290,316
290,314
290,266
290,264
291,292
291,290
291,316
291,266
291,317
291,315
291,267
291,265
292,293
292,291
292,317
292,267
292,318
292,316
292,268
292,266
293,294
293,292
293,318
293,268
293,319
293,317
293,269
293,267
294,295
294,293
294,319
294,269
294,320
294,318
294,270
294,268
295,296
295,294
295,320
295,270
295,321
295,319
295,271
295,269
296,297
296,295
296,321
296,271
296,322
296,320
296,272
296,270
297,298
297,296
297,322
297,272
297,323
297,321
297,273
297,271
298,299
298,297
298,323
298,273
298,324
298,322
298,274
298,272
299,300
299,298
299,324
299,274
299,325
299,323
299,275
299,273
300,299
300,325
300,275
300,324
300,274
301,302
301,326
301,276
301,327
301,277
302,303
302,301
302,327
302,277
302,328
302,326
302,278
302,276
303,304
303,302
303,328
303,278
303,329
303,327
303,279
303,277
304,305
304,303
304,329
304,279
304,330
304,328
304,280
304,278
305,306
305,304
305,330
305,280
305,331
305,329
305,281
305,279
306,307
306,305
306,331
306,281
306,332
306,330
306,282
306,280
307,308
307,306
307,332
307,282
307,333
307,331
307,283
307,281
308,309
308,307
308,333
308,283
308,334
308,332
308,284
308,282
309,310
309,308
309,334
309,284
309,335
309,333
309,285
309,283
310,311
310,309
310,335
310,285
310,336
310,334
310,286
310,284
311,312
311,310
311,336
311,286
311,337
311,335
311,287
311,285
312,313
312,311
312,337
312,287
312,338
312,336
312,288
312,286
313,314
313,312
313,338
313,288
313,339
313,337
313,289
313,287
314,315
314,313
314,339
314,289
314,340
314,338
314,290
314,288
315,316
315,314
315,340
315,290
315,341
315,339
315,291
315,289
316,317
316,315
316,341
316,291
316,342
316,340
316,292
316,290
317,318
317,316
317,342
317,292
317,343
317,341
317,293
317,291
318,319
318,317
318,343
318,293
318,344
318,342
318,294
318,292
319,320
319,318
319,344
319,294
319,345
319,343
319,295
319,293
320,321
320,319
320,345
320,295
320,346
320,344
320,296
320,294
321,322
321,320
321,346
321,296
321,347
321,345
321,297
321,295
322,323
322,321
322,347
322,297
322,348
322,346
322,298
322,296
323,324
323,322
323,348
323,298
323,349
323,347
323,299
323,297
324,325
324,323
324,349
324,299
324,350
324,348
324,300
324,298
325,324
325,350
325,300
325,349
325,299
326,327
326,351
326,301
326,352
326,302
327,328
327,326
327,352
327,302
327,353
327,351
327,303
327,301
328,329
328,327
328,353
328,303
328,354
328,352
328,304
328,302
329,330
329,328
329,354
329,304
329,355
329,353
329,305
329,303
330,331
330,329
330,355
330,305
330,356
330,354
330,306
330,304
331,332
331,330
331,356
331,306
331,357
331,355
331,307
331,305
332,333
332,331
332,357
332,307
332,358
332,356
332,308
332,306
333,334
333,332
333,358
333,308
333,359
333,357
333,309
333,307
334,335
334,333
334,359
334,309
334,360
334,358
334,310
334,308
335,336
335,334
335,360
335,310
335,361
335,359
335,311
335,309
336,337
336,335
336,361
336,311
336,362
336,360
336,312
336,310
337,338
337,336
337,362
337,312
337,363
337,361
337,313
337,311
338,339
338,337
338,363
338,313
338,364
338,362
338,314
338,312
339,340
339,338
339,364
339,314
339,365
339,363
339,315
339,313
340,341
340,339
340,365
340,315
340,366
340,364
340,316
340,314
341,342
341,340
341,366
341,316
341,367
341,365
341,317
341,315
342,343
342,341
342,367
342,317
342,368
342,366
342,318
342,316
343,344
343,342
343,368
343,318
343,369
343,367
343,319
343,317
344,345
344,343
344,369
344,319
344,370
344,368
344,320
344,318
345,346
345,344
345,370
345,320
345,371
345,369
345,321
345,319
346,347
346,345
346,371
346,321
346,372
346,370
346,322
346,320
347,348
347,346
347,372
347,322
347,373
347,371
347,323
347,321
348,349
348,347
348,373
348,323
348,374
348,372
348,324
348,322
349,350
349,348
349,374
349,324
349,375
349,373
349,325
349,323
350,349
350,375
350,325
350,374
350,324
351,352
351,376
351,326
351,377
351,327
352,353
352,351
352,377
352,327
352,378
352,376
352,328
352,326
353,354
353,352
353,378
353,328
353,379
353,377
353,329
353,327
354,355
354,353
354,379
354,329
354,380
354,378
354,330
354,328
355,356
355,354
355,380
355,330
355,381
355,379
355,331
355,329
356,357
356,355
356,381
356,331
356,382
356,380
356,332
356,330
357,358
357,356
357,382
357,332
357,383
357,381
357,333
357,331
358,359
358,357
358,383
358,333
358,384
358,382
358,334
358,332
359,360
359,358
359,384
359,334
359,385
359,383
359,335
359,333
360,361
360,359
360,385
360,335
360,386
360,384
360,336
360,334
361,362
361,360
361,386
361,336
361,387
361,385
361,337
361,335
362,363
362,361
362,387
362,337
362,388
362,386
362,338
362,336
363,364
363,362
363,388
363,338
363,389
363,387
363,339
363,337
364,365
364,363
364,389
364,339
364,390
364,388
364,340
364,338
365,366
365,364
365,390
365,340
365,391
365,389
365,341
365,339
366,367
366,365
366,391
366,341
366,392
366,390
366,342
366,340
367,368
367,366
367,392
367,342
367,393
367,391
367,343
367,341
368,369
368,367
368,393
368,343
368,394
368,392
368,344
368,342
369,370
369,368
369,394
369,344
369,395
369,393
369,345
369,343
370,371
370,369
370,395
370,345
370,396
370,394
370,346
370,344
371,372
371,370
371,396
371,346
371,397
371,395
371,347
371,345
372,373
372,371
372,397
372,347
372,398
372,396
372,348
372,346
373,374
373,372
373,398
373,348
373,399
373,397
373,349
373,347
374,375
374,373
374,399
374,349
374,400
374,398
374,350
374,348
375,374
375,400
375,350
375,399
375,349
376,377
376,401
376,351
376,402
376,352
377,378
377,376
377,402
377,352
377,403
377,401
377,353
377,351
378,379
378,377
378,403
378,353
378,404
378,402
378,354
378,352
379,380
379,378
379,404
379,354
379,405
379,403
379,355
379,353
380,381
380,379
380,405
380,355
380,406
380,404
380,356
380,354
381,382
381,380
381,406
381,356
381,407
381,405
381,357
381,355
382,383
382,381
382,407
382,357
382,408
382,406
382,358
382,356
383,384
383,382
383,408
383,358
383,409
383,407
383,359
383,357
384,385
384,383
384,409
384,359
384,410
384,408
384,360
384,358
385,386
385,384
385,410
385,360
385,411
385,409
385,361
385,359
386,387
386,385
386,411
386,361
386,412
386,410
386,362
386,360
387,388
387,386
387,412
387,362
387,413
387,411
387,363
387,361
388,389
388,387
388,413
388,363
388,414
388,412
388,364
388,362
389,390
389,388
389,414
389,364
389,415
389,413
389,365
389,363
390,391
390,389
390,415
390,365
390,416
390,414
390,366
390,364
391,392
391,390
391,416
391,366
391,417
391,415
391,367
391,365
392,393
392,391
392,417
392,367
392,418
392,416
392,368
392,366
393,394
393,392
393,418
393,368
393,419
393,417
393,369
393,367
394,395
394,393
394,419
394,369
394,420
394,418
394,370
394,368
395,396
395,394
395,420
395,370
395,421
395,419
395,371
395,369
396,397
396,395
396,421
396,371
396,422
396,420
396,372
396,370
397,398
397,396
397,422
397,372
397,423
397,421
397,373
397,371
398,399
398,397
398,423
398,373
398,424
398,422
398,374
398,372
399,400
399,398
399,424
399,374
399,425
399,423
399,375
399,373
400,399
400,425
400,375
400,424
400,374
401,402
401,426
401,376
401,427
401,377
402,403
402,401
402,427
402,377
402,428
402,426
402,378
402,376
403,404
403,402
403,428
403,378
403,429
403,427
403,379
403,377
404,405
404,403
404,429
404,379
404,430
404,428
404,380
404,378
405,406
405,404
405,430
405,380
405,431
405,429
405,381
405,379
406,407
406,405
406,431
406,381
406,432
406,430
406,382
406,380
407,408
407,406
407,432
407,382
407,433
407,431
407,383
407,381
408,409
408,407
408,433
408,383
408,434
408,432
408,384
408,382
409,410
409,408
409,434
409,384
409,435
409,433
409,385
409,383
410,411
410,409
410,435
410,385
410,436
410,434
410,386
410,384
411,412
411,410
411,436
411,386
411,437
411,435
411,387
411,385
412,413
412,411
412,437
412,387
412,438
412,436
412,388
412,386
413,414
413,412
413,438
413,388
413,439
413,437
413,389
413,387
414,415
414,413
414,439
414,389
414,440
414,438
414,390
414,388
415,416
415,414
415,440
415,390
415,441
415,439
415,391
415,389
416,417
416,415
416,441
416,391
416,442
416,440
416,392
416,390
417,418
417,416
417,442
417,392
417,443
417,441
417,393
417,391
418,419
418,417
418,443
418,393
418,444
418,442
418,394
418,392
419,420
419,418
419,444
419,394
419,445
419,443
419,395
419,393
420,421
420,419
420,445
420,395
420,446
420,444
420,396
420,394
421,422
421,420
421,446
421,396
421,447
421,445
421,397
421,395
422,423
422,421
422,447
422,397
422,448
422,446
422,398
422,396
423,424
423,422
423,448
423,398
423,449
423,447
423,399
423,397
424,425
424,423
424,449
424,399
424,450
424,448
424,400
424,398
425,424
425,450
425,400
425,449
425,399
426,427
426,451
426,401
426,452
426,402
427,428
427,426
427,452
427,402
427,453
427,451
427,403
427,401
428,429
428,427
428,453
428,403
428,454
428,452
428,404
428,402
429,430
429,428
429,454
429,404
429,455
429,453
429,405
429,403
430,431
430,429
430,455
430,405
430,456
430,454
430,406
430,404
431,432
431,430
431,456
431,406
431,457
431,455
431,407
431,405
432,433
432,431
432,457
432,407
432,458
432,456
432,408
432,406
433,434
433,432
433,458
433,408
433,459
433,457
433,409
433,407
434,435
434,433
434,459
434,409
434,460
434,458
434,410
434,408
435,436
435,434
435,460
435,410
435,461
435,459
435,411
435,409
436,437
436,435
436,461
436,411
436,462
436,460
436,412
436,410
437,438
437,436
437,462
437,412
437,463
437,461
437,413
437,411
438,439
438,437
438,463
438,413
438,464
438,462
438,414
438,412
439,440
439,438
439,464
439,414
439,465
439,463
439,415
439,413
440,441
440,439
440,465
440,415
440,466
440,464
440,416
440,414
441,442
441,440
441,466
441,416
441,467
441,465
441,417
441,415
442,443
442,441
442,467
442,417
442,468
442,466
442,418
442,416
443,444
443,442
443,468
443,418
443,469
443,467
443,419
443,417
444,445
444,443
444,469
444,419
444,470
444,468
444,420
444,418
445,446
445,444
445,470
445,420
445,471
445,469
445,421
445,419
446,447
446,445
446,471
446,421
446,472
446,470
446,422
446,420
447,448
447,446
447,472
447,422
447,473
447,471
447,423
447,421
448,449
448,447
448,473
448,423
448,474
448,472
448,424
448,422
449,450
449,448
449,474
449,424
449,475
449,473
449,425
449,423
450,449
450,475
450,425
450,474
450,424
451,452
451,476
451,426
451,477
451,427
452,453
452,451
452,477
452,427
452,478
452,476
452,428
452,426
453,454
453,452
453,478
453,428
453,479
453,477
453,429
453,427
454,455
454,453
454,479
454,429
454,480
454,478
454,430
454,428
455,456
455,454
455,480
455,430
455,481
455,479
455,431
455,429
456,457
456,455
456,481
456,431
456,482
456,480
456,432
456,430
457,458
457,456
457,482
457,432
457,483
457,481
457,433
457,431
458,459
458,457
458,483
458,433
458,484
458,482
458,434
458,432
459,460
459,458
459,484
459,434
459,485
459,483
459,435
459,433
460,461
460,459
460,485
460,435
460,486
460,484
460,436
460,434
461,462
461,460
461,486
461,436
461,487
461,485
461,437
461,435
462,463
462,461
462,487
462,437
462,488
462,486
462,438
462,436
463,464
463,462
463,488
463,438
463,489
463,487
463,439
463,437
464,465
464,463
464,489
464,439
464,490
464,488
464,440
464,438
465,466
465,464
465,490
465,440
465,491
465,489
465,441
465,439
466,467
466,465
466,491
466,441
466,492
466,490
466,442
466,440
467,468
467,466
467,492
467,442
467,493
467,491
467,443
467,441
468,469
468,467
468,493
468,443
468,494
468,492
468,444
468,442
469,470
469,468
469,494
469,444
469,495
469,493
469,445
469,443
470,471
470,469
470,495
470,445
470,496
470,494
470,446
470,444
471,472
471,470
471,496
471,446
471,497
471,495
471,447
471,445
472,473
472,471
472,497
472,447
472,498
472,496
472,448
472,446
473,474
473,472
473,498
473,448
473,499
473,497
473,449
473,447
474,475
474,473
474,499
474,449
474,500
474,498
474,450
474,448
475,474
475,500
475,450
475,499
475,449
476,477
476,501
476,451
476,502
476,452
477,478
477,476
477,502
477,452
477,503
477,501
477,453
477,451
478,479
478,477
478,503
478,453
478,504
478,502
478,454
478,452
479,480
479,478
479,504
479,454
479,505
479,503
479,455
479,453
480,481
480,479
480,505
480,455
480,506
480,504
480,456
480,454
481,482
481,480
481,506
481,456
481,507
481,505
481,457
481,455
482,483
482,481
482,507
482,457
482,508
482,506
482,458
482,456
483,484
483,482
483,508
483,458
483,509
483,507
483,459
483,457
484,485
484,483
484,509
484,459
484,510
484,508
484,460
484,458
485,486
485,484
485,510
485,460
485,511
485,509
485,461
485,459
486,487
486,485
486,511
486,461
486,512
486,510
486,462
486,460
487,488
487,486
487,512
487,462
487,513
487,511
487,463
487,461
488,489
488,487
488,513
488,463
488,514
488,512
488,464
488,462
489,490
489,488
489,514
489,464
489,515
489,513
489,465
489,463
490,491
490,489
490,515
490,465
490,516
490,514
490,466
490,464
491,492
491,490
491,516
491,466
491,517
491,515
491,467
491,465
492,493
492,491
492,517
492,467
492,518
492,516
492,468
492,466
493,494
493,492
493,518
493,468
493,519
493,517
493,469
493,467
494,495
494,493
494,519
494,469
494,520
494,518
494,470
494,468
495,496
495,494
495,520
495,470
495,521
495,519
495,471
495,469
496,497
496,495
496,521
496,471
496,522
496,520
496,472
496,470
497,498
497,496
497,522
497,472
497,523
497,521
497,473
497,471
498,499
498,497
498,523
498,473
498,524
498,522
498,474
498,472
499,500
499,498
499,524
499,474
499,525
499,523
499,475
499,473
500,499
500,525
500,475
500,524
500,474
501,502
501,526
501,476
501,527
501,477
502,503
502,501
502,527
502,477
502,528
502,526
502,478
502,476
503,504
503,502
503,528
503,478
503,529
503,527
503,479
503,477
504,505
504,503
504,529
504,479
504,530
504,528
504,480
504,478
505,506
505,504
505,530
505,480
505,531
505,529
505,481
505,479
506,507
506,505
506,531
506,481
506,532
506,530
506,482
506,480
507,508
507,506
507,532
507,482
507,533
507,531
507,483
507,481
508,509
508,507
508,533
508,483
508,534
508,532
508,484
508,482
509,510
509,508
509,534
509,484
509,535
509,533
509,485
509,483
510,511
510,509
510,535
510,485
510,536
510,534
510,486
510,484
511,512
511,510
511,536
511,486
511,537
511,535
511,487
511,485
512,513
512,511
512,537
512,487
512,538
512,536
512,488
512,486
513,514
513,512
513,538
513,488
513,539
513,537
513,489
513,487
514,515
514,513
514,539
514,489
514,540
514,538
514,490
514,488
515,516
515,514
515,540
515,490
515,541
515,539
515,491
515,489
516,517
516,515
516,541
516,491
516,542
516,540
516,492
516,490
517,518
517,516
517,542
517,492
517,543
517,541
517,493
517,491
518,519
518,517
518,543
518,493
518,544
518,542
518,494
518,492
519,520
519,518
519,544
519,494
519,545
519,543
519,495
519,493
520,521
520,519
520,545
520,495
520,546
520,544
520,496
520,494
521,522
521,520
521,546
521,496
521,547
521,545
521,497
521,495
522,523
522,521
522,547
522,497
522,548
522,546
522,498
522,496
523,524
523,522
523,548
523,498
523,549
523,547
523,499
523,497
524,525
524,523
524,549
524,499
524,550
524,548
524,500
524,498
525,524
525,550
525,500
525,549
525,499
526,527
526,551
526,501
526,552
526,502
527,528
527,526
527,552
527,502
527,553
527,551
527,503
527,501
528,529
528,527
528,553
528,503
528,554
528,552
528,504
528,502
529,530
529,528
529,554
529,504
529,555
529,553
529,505
529,503
530,531
530,529
530,555
530,505
530,556
530,554
530,506
530,504
531,532
531,530
531,556
531,506
531,557
531,555
531,507
531,505
532,533
532,531
532,557
532,507
532,558
532,556
532,508
532,506
533,534
533,532
533,558
533,508
533,559
533,557
533,509
533,507
534,535
534,533
534,559
534,509
534,560
534,558
534,510
534,508
535,536
535,534
535,560
535,510
535,561
535,559
535,511
535,509
536,537
536,535
536,561
536,511
536,562
536,560
536,512
536,510
537,538
537,536
537,562
537,512
537,563
537,561
537,513
537,511
538,539
538,537
538,563
538,513
538,564
538,562
538,514
538,512
539,540
539,538
539,564
539,514
539,565
539,563
539,515
539,513
540,541
540,539
540,565
540,515
540,566
540,564
540,516
540,514
541,542
541,540
541,566
541,516
541,567
541,565
541,517
541,515
542,543
542,541
542,567
542,517
542,568
542,566
542,518
542,516
543,544
543,542
543,568
543,518
543,569
543,567
543,519
543,517
544,545
544,543
544,569
544,519
544,570
544,568
544,520
544,518
545,546
545,544
545,570
545,520
545,571
545,569
545,521
545,519
546,547
546,545
546,571
546,521
546,572
546,570
546,522
546,520
547,548
547,546
547,572
547,522
547,573
547,571
547,523
547,521
548,549
548,547
548,573
548,523
548,574
548,572
548,524
548,522
549,550
549,548
549,574
549,524
549,575
549,573
549,525
549,523
550,549
550,575
550,525
550,574
550,524
551,552
551,576
551,526
551,577
551,527
552,553
552,551
552,577
552,527
552,578
552,576
552,528
552,526
553,554
553,552
553,578
553,528
553,579
553,577
553,529
553,527
554,555
554,553
554,579
554,529
554,580
554,578
554,530
554,528
555,556
555,554
555,580
555,530
555,581
555,579
555,531
555,529
556,557
556,555
556,581
556,531
556,582
556,580
556,532
556,530
557,558
557,556
557,582
557,532
557,583
557,581
557,533
557,531
558,559
558,557
558,583
558,533
558,584
558,582
558,534
558,532
559,560
559,558
559,584
559,534
559,585
559,583
559,535
559,533
560,561
560,559
560,585
560,535
560,586
560,584
560,536
560,534
561,562
561,560
561,586
561,536
561,587
561,585
561,537
561,535
562,563
562,561
562,587
562,537
562,588
562,586
562,538
562,536
563,564
563,562
563,588
563,538
563,589
563,587
563,539
563,537
564,565
564,563
564,589
564,539
564,590
564,588
564,540
564,538
565,566
565,564
565,590
565,540
565,591
565,589
565,541
565,539
566,567
566,565
566,591
566,541
566,592
566,590
566,542
566,540
567,568
567,566
567,592
567,542
567,593
567,591
567,543
567,541
568,569
568,567
568,593
568,543
568,594
568,592
568,544
568,542
569,570
569,568
569,594
569,544
569,595
569,593
569,545
569,543
570,571
570,569
570,595
570,545
570,596
570,594
570,546
570,544
571,572
571,570
571,596
571,546
571,597
571,595
571,547
571,545
572,573
572,571
572,597
572,547
572,598
572,596
572,548
572,546
573,574
573,572
573,598
573,548
573,599
573,597
573,549
573,547
574,575
574,573
574,599
574,549
574,600
574,598
574,550
574,548
575,574
575,600
575,550
575,599
575,549
576,577
576,601
576,551
576,602
576,552
577,578
577,576
577,602
577,552
577,603
577,601
577,553
577,551
578,579
578,577
578,603
578,553
578,604
578,602
578,554
578,552
579,580
579,578
579,604
579,554
579,605
579,603
579,555
579,553
580,581
580,579
580,605
580,555
580,606
580,604
580,556
580,554
581,582
581,580
581,606
581,556
581,607
581,605
581,557
581,555
582,583
582,581
582,607
582,557
582,608
582,606
582,558
582,556
583,584
583,582
583,608
583,558
583,609
583,607
583,559
583,557
584,585
584,583
584,609
584,559
584,610
584,608
584,560
584,558
585,586
585,584
585,610
585,560
585,611
585,609
585,561
585,559
586,587
586,585
586,611
586,561
586,612
586,610
586,562
586,560
587,588
587,586
587,612
587,562
587,613
587,611
587,563
587,561
588,589
588,587
588,613
588,563
588,614
588,612
588,564
588,562
589,590
589,588
589,614
589,564
589,615
589,613
589,565
589,563
590,591
590,589
590,615
590,565
590,616
590,614
590,566
590,564
591,592
591,590
591,616
591,566
591,617
591,615
591,567
591,565
592,593
592,591
592,617
592,567
592,618
592,616
592,568
592,566
593,594
593,592
593,618
593,568
593,619
593,617
593,569
593,567
594,595
594,593
594,619
594,569
594,620
594,618
594,570
594,568
595,596
595,594
595,620
595,570
595,621
595,619
595,571
595,569
596,597
596,595
596,621
596,571
596,622
596,620
596,572
596,570
597,598
597,596
597,622
597,572
597,623
597,621
597,573
597,571
598,599
598,597
598,623
598,573
598,624
598,622
598,574
598,572
599,600
599,598
599,624
599,574
599,625
599,623
599,575
599,573
600,599
600,625
600,575
600,624
600,574
601,602
601,626
601,576
601,627
601,577
602,603
602,601
602,627
602,577
602,628
602,626
602,578
602,576
603,604
603,602
603,628
603,578
603,629
603,627
603,579
603,577
604,605
604,603
604,629
604,579
604,630
604,628
604,580
604,578
605,606
605,604
605,630
605,580
605,631
605,629
605,581
605,579
606,607
606,605
606,631
606,581
606,632
606,630
606,582
606,580
607,608
607,606
607,632
607,582
607,633
607,631
607,583
607,581
608,609
608,607
608,633
608,583
608,634
608,632
608,584
608,582
609,610
609,608
609,634
609,584
609,635
609,633
609,585
609,583
610,611
610,609
610,635
610,585
610,636
610,634
610,586
610,584
611,612
611,610
611,636
611,586
611,637
611,635
611,587
611,585
612,613
612,611
612,637
612,587
612,638
612,636
612,588
612,586
613,614
613,612
613,638
613,588
613,639
613,637
613,589
613,587
614,615
614,613
614,639
614,589
614,640
614,638
614,590
614,588
615,616
615,614
615,640
615,590
615,641
615,639
615,591
615,589
616,617
616,615
616,641
616,591
616,642
616,640
616,592
616,590
617,618
617,616
617,642
617,592
617,643
617,641
617,593
617,591
618,619
618,617
618,643
618,593
618,644
618,642
618,594
618,592
619,620
619,618
619,644
619,594
619,645
619,643
619,595
619,593
620,621
620,619
620,645
620,595
620,646
620,644
620,596
620,594
621,622
621,620
621,646
621,596
621,647
621,645
621,597
621,595
622,623
622,621
622,647
622,597
622,648
622,646
622,598
622,596
623,624
623,622
623,648
623,598
623,649
623,647
623,599
623,597
624,625
624,623
624,649
624,599
624,650
624,648
624,600
624,598
625,624
625,650
625,600
625,649
625,599
626,627
626,651
626,601
626,652
626,602
627,628
627,626
627,652
627,602
627,653
627,651
627,603
627,601
628,629
628,627
628,653
628,603
628,654
628,652
628,604
628,602
629,630
629,628
629,654
629,604
629,655
629,653
629,605
629,603
630,631
630,629
630,655
630,605
630,656
630,654
630,606
630,604
631,632
631,630
631,656
631,606
631,657
631,655
631,607
631,605
632,633
632,631
632,657
632,607
632,658
632,656
632,608
632,606
633,634
633,632
633,658
633,608
633,659
633,657
633,609
633,607
634,635
634,633
634,659
634,609
634,660
634,658
634,610
634,608
635,636
635,634
635,660
635,610
635,661
635,659
635,611
635,609
636,637
636,635
636,661
636,611
636,662
636,660
636,612
636,610
637,638
637,636
637,662
637,612
637,663
637,661
637,613
637,611
638,639
638,637
638,663
638,613
638,664
638,662
638,614
638,612
639,640
639,638
639,664
639,614
639,665
639,663
639,615
639,613
640,641
640,639
640,665
640,615
640,666
640,664
640,616
640,614
641,642
641,640
641,666
641,616
641,667
641,665
641,617
641,615
642,643
642,641
642,667
642,617
642,668
642,666
642,618
642,616
643,644
643,642
643,668
643,618
643,669
643,667
643,619
643,617
644,645
644,643
644,669
644,619
644,670
644,668
644,620
644,618
645,646
645,644
645,670
645,620
645,671
645,669
645,621
645,619
646,647
646,645
646,671
646,621
646,672
646,670
646,622
646,620
647,648
647,646
647,672
647,622
647,673
647,671
647,623
647,621
648,649
648,647
648,673
648,623
648,674
648,672
648,624
648,622
649,650
649,648
649,674
649,624
649,675
649,673
649,625
649,623
650,649
650,675
650,625
650,674
650,624
651,652
651,676
651,626
651,677
651,627
652,653
652,651
652,677
652,627
652,678
652,676
652,628
652,626
653,654
653,652
653,678
653,628
653,679
653,677
653,629
653,627
654,655
654,653
654,679
654,629
654,680
654,678
654,630
654,628
655,656
655,654
655,680
655,630
655,681
655,679
655,631
655,629
656,657
656,655
656,681
656,631
656,682
656,680
656,632
656,630
657,658
657,656
657,682
657,632
657,683
657,681
657,633
657,631
658,659
658,657
658,683
658,633
658,684
658,682
658,634
658,632
659,660
659,658
659,684
659,634
659,685
659,683
659,635
659,633
660,661
660,659
660,685
660,635
660,686
660,684
660,636
660,634
661,662
661,660
661,686
661,636
661,687
661,685
661,637
661,635
662,663
662,661
662,687
662,637
662,688
662,686
662,638
662,636
663,664
663,662
663,688
663,638
663,689
663,687
663,639
663,637
664,665
664,663
664,689
664,639
664,690
664,688
664,640
664,638
665,666
665,664
665,690
665,640
665,691
665,689
665,641
665,639
666,667
666,665
666,691
666,641
666,692
666,690
666,642
666,640
667,668
667,666
667,692
667,642
667,693
667,691
667,643
667,641
668,669
668,667
668,693
668,643
668,694
668,692
668,644
668,642
669,670
669,668
669,694
669,644
669,695
669,693
669,645
669,643
670,671
670,669
670,695
670,645
670,696
670,694
670,646
670,644
671,672
671,670
671,696
671,646
671,697
671,695
671,647
671,645
672,673
672,671
672,697
672,647
672,698
672,696
672,648
672,646
673,674
673,672
673,698
673,648
673,699
673,697
673,649
673,647
674,675
674,673
674,699
674,649
674,700
674,698
674,650
674,648
675,674
675,700
675,650
675,699
675,649
676,677
676,701
676,651
676,702
676,652
677,678
677,676
677,702
677,652
677,703
677,701
677,653
677,651
678,679
678,677
678,703
678,653
678,704
678,702
678,654
678,652
679,680
679,678
679,704
679,654
679,705
679,703
679,655
679,653
680,681
680,679
680,705
680,655
680,706
680,704
680,656
680,654
681,682
681,680
681,706
681,656
681,707
681,705
681,657
681,655
682,683
682,681
682,707
682,657
682,708
682,706
682,658
682,656
683,684
683,682
683,708
683,658
683,709
683,707
683,659
683,657
684,685
684,683
684,709
684,659
684,710
684,708
684,660
684,658
685,686
685,684
685,710
685,660
685,711
685,709
685,661
685,659
686,687
686,685
686,711
686,661
686,712
686,710
686,662
686,660
687,688
687,686
687,712
687,662
687,713
687,711
687,663
687,661
688,689
688,687
688,713
688,663
688,714
688,712
688,664
688,662
689,690
689,688
689,714
689,664
689,715
689,713
689,665
689,663
690,691
690,689
690,715
690,665
690,716
690,714
690,666
690,664
691,692
691,690
691,716
691,666
691,717
691,715
691,667
691,665
692,693
692,691
692,717
692,667
692,718
692,716
692,668
692,666
693,694
693,692
693,718
693,668
693,719
693,717
693,669
693,667
694,695
694,693
694,719
694,669
694,720
694,718
694,670
694,668
695,696
695,694
695,720
695,670
695,721
695,719
695,671
695,669
696,697
696,695
696,721
696,671
696,722
696,720
696,672
696,670
697,698
697,696
697,722
697,672
697,723
697,721
697,673
697,671
698,699
698,697
698,723
698,673
698,724
698,722
698,674
698,672
699,700
699,698
699,724
699,674
699,725
699,723
699,675
699,673
700,699
700,725
700,675
700,724
700,674
701,702
701,676
701,677
702,703
702,701
702,677
702,678
702,676
703,704
703,702
703,678
703,679
703,677
704,705
704,703
704,679
704,680
704,678
705,706
705,704
705,680
705,681
705,679
706,707
706,705
706,681
706,682
706,680
707,708
707,706
707,682
707,683
707,681
708,709
708,707
708,683
708,684
708,682
709,710
709,708
709,684
709,685
709,683
710,711
710,709
710,685
710,686
710,684
711,712
711,710
711,686
711,687
711,685
712,713
712,711
712,687
712,688
712,686
713,714
713,712
713,688
713,689
713,687
714,715
714,713
714,689
714,690
714,688
715,716
715,714
715,690
715,691
715,689
716,717
716,715
716,691
716,692
716,690
717,718
717,716
717,692
717,693
717,691
718,719
718,717
718,693
718,694
718,692
719,720
719,718
719,694
719,695
719,693
720,721
720,719
720,695
720,696
720,694
721,722
721,720
721,696
721,697
721,695
722,723
722,721
722,697
722,698
722,696
723,724
723,722
723,698
723,699
723,697
724,725
724,723
724,699
724,700
724,698
725,724
725,700
725,699
